"uri","owner_repo"
"/locations/4305","/repositories/12"
"/locations/4306","/repositories/12"
"/locations/4302","/repositories/12"
"/locations/4303","/repositories/12"
"/locations/4304","/repositories/12"
"/locations/4300","/repositories/12"
"/locations/4301","/repositories/12"
"/locations/4297","/repositories/12"
"/locations/4298","/repositories/12"
"/locations/4299","/repositories/12"
"/locations/4295","/repositories/12"
"/locations/4296","/repositories/12"
"/locations/4293","/repositories/12"
"/locations/4294","/repositories/12"
"/locations/4290","/repositories/12"
"/locations/4291","/repositories/12"
"/locations/4292","/repositories/12"
"/locations/4288","/repositories/12"
"/locations/4289","/repositories/12"
"/locations/4286","/repositories/12"
"/locations/4287","/repositories/12"
"/locations/4283","/repositories/12"
"/locations/4284","/repositories/12"
"/locations/4285","/repositories/12"
"/locations/4281","/repositories/12"
"/locations/4282","/repositories/12"
"/locations/4279","/repositories/12"
"/locations/4280","/repositories/12"
"/locations/4276","/repositories/12"
"/locations/4277","/repositories/12"
"/locations/4278","/repositories/12"
"/locations/4275","/repositories/12"
"/locations/4272","/repositories/12"
"/locations/4273","/repositories/12"
"/locations/4274","/repositories/12"
"/locations/4270","/repositories/12"
"/locations/4271","/repositories/12"
"/locations/4268","/repositories/12"
"/locations/4269","/repositories/12"
"/locations/4265","/repositories/12"
"/locations/4266","/repositories/12"
"/locations/4267","/repositories/12"
"/locations/4263","/repositories/12"
"/locations/4264","/repositories/12"
"/locations/4260","/repositories/12"
"/locations/4261","/repositories/12"
"/locations/4262","/repositories/12"
"/locations/4258","/repositories/12"
"/locations/4259","/repositories/12"
"/locations/4255","/repositories/12"
"/locations/4256","/repositories/12"
"/locations/4257","/repositories/12"
"/locations/4253","/repositories/12"
"/locations/4254","/repositories/12"
"/locations/4250","/repositories/12"
"/locations/4251","/repositories/12"
"/locations/4252","/repositories/12"
"/locations/4248","/repositories/12"
"/locations/4249","/repositories/12"
"/locations/4245","/repositories/12"
"/locations/4246","/repositories/12"
"/locations/4247","/repositories/12"
"/locations/4243","/repositories/12"
"/locations/4244","/repositories/12"
"/locations/4241","/repositories/12"
"/locations/4242","/repositories/12"
"/locations/4238","/repositories/12"
"/locations/4239","/repositories/12"
"/locations/4240","/repositories/12"
"/locations/4236","/repositories/12"
"/locations/4237","/repositories/12"
"/locations/4233","/repositories/12"
"/locations/4234","/repositories/12"
"/locations/4235","/repositories/12"
"/locations/4231","/repositories/12"
"/locations/4232","/repositories/12"
"/locations/4228","/repositories/12"
"/locations/4229","/repositories/12"
"/locations/4230","/repositories/12"
"/locations/4226","/repositories/12"
"/locations/4227","/repositories/12"
"/locations/4223","/repositories/12"
"/locations/4224","/repositories/12"
"/locations/4225","/repositories/12"
"/locations/4221","/repositories/12"
"/locations/4222","/repositories/12"
"/locations/4218","/repositories/12"
"/locations/4219","/repositories/12"
"/locations/4220","/repositories/12"
"/locations/4216","/repositories/12"
"/locations/4217","/repositories/12"
"/locations/4213","/repositories/12"
"/locations/4214","/repositories/12"
"/locations/4215","/repositories/12"
"/locations/4211","/repositories/12"
"/locations/4212","/repositories/12"
"/locations/4208","/repositories/12"
"/locations/4209","/repositories/12"
"/locations/4210","/repositories/12"
"/locations/4206","/repositories/12"
"/locations/4207","/repositories/12"
"/locations/4204","/repositories/12"
"/locations/4205","/repositories/12"
"/locations/4201","/repositories/12"
"/locations/4202","/repositories/12"
"/locations/4203","/repositories/12"
"/locations/4199","/repositories/12"
"/locations/4200","/repositories/12"
"/locations/4196","/repositories/12"
"/locations/4197","/repositories/12"
"/locations/4198","/repositories/12"
"/locations/4194","/repositories/12"
"/locations/4195","/repositories/12"
"/locations/4191","/repositories/12"
"/locations/4192","/repositories/12"
"/locations/4193","/repositories/12"
"/locations/4189","/repositories/12"
"/locations/4190","/repositories/12"
"/locations/4187","/repositories/12"
"/locations/4188","/repositories/12"
"/locations/4185","/repositories/12"
"/locations/4186","/repositories/12"
"/locations/4183","/repositories/12"
"/locations/4184","/repositories/12"
"/locations/4180","/repositories/12"
"/locations/4181","/repositories/12"
"/locations/4182","/repositories/12"
"/locations/4178","/repositories/12"
"/locations/4179","/repositories/12"
"/locations/4175","/repositories/12"
"/locations/4176","/repositories/12"
"/locations/4177","/repositories/12"
"/locations/4173","/repositories/12"
"/locations/4174","/repositories/12"
"/locations/4170","/repositories/12"
"/locations/4171","/repositories/12"
"/locations/4172","/repositories/12"
"/locations/4168","/repositories/12"
"/locations/4169","/repositories/12"
"/locations/4165","/repositories/12"
"/locations/4166","/repositories/12"
"/locations/4167","/repositories/12"
"/locations/4163","/repositories/12"
"/locations/4164","/repositories/12"
"/locations/4161","/repositories/12"
"/locations/4162","/repositories/12"
"/locations/4158","/repositories/12"
"/locations/4159","/repositories/12"
"/locations/4160","/repositories/12"
"/locations/4156","/repositories/12"
"/locations/4157","/repositories/12"
"/locations/4153","/repositories/12"
"/locations/4154","/repositories/12"
"/locations/4155","/repositories/12"
"/locations/4151","/repositories/12"
"/locations/4152","/repositories/12"
"/locations/4148","/repositories/12"
"/locations/4149","/repositories/12"
"/locations/4150","/repositories/12"
"/locations/4146","/repositories/12"
"/locations/4147","/repositories/12"
"/locations/4143","/repositories/12"
"/locations/4144","/repositories/12"
"/locations/4145","/repositories/12"
"/locations/4141","/repositories/12"
"/locations/4142","/repositories/12"
"/locations/4138","/repositories/12"
"/locations/4139","/repositories/12"
"/locations/4140","/repositories/12"
"/locations/4136","/repositories/12"
"/locations/4137","/repositories/12"
"/locations/4133","/repositories/12"
"/locations/4134","/repositories/12"
"/locations/4135","/repositories/12"
"/locations/4132","/repositories/12"
"/locations/4130","/repositories/12"
"/locations/4131","/repositories/12"
