uri,uri
/locations/1000,/locations/1000
/locations/1002,/locations/1002
/locations/1003,/locations/1003
/locations/1004,/locations/1004
/locations/1005,/locations/1005
/locations/1006,/locations/1006
/locations/1007,/locations/1007
/locations/1008,/locations/1008
/locations/1009,/locations/1009
/locations/1010,/locations/1010
/locations/1011,/locations/1011
/locations/1012,/locations/1012
/locations/1013,/locations/1013
/locations/1014,/locations/1014
/locations/1015,/locations/1015
/locations/1016,/locations/1016
/locations/1017,/locations/1017
/locations/1018,/locations/1018
/locations/1019,/locations/1019
/locations/1020,/locations/1020
/locations/1021,/locations/1021
/locations/1022,/locations/1022
/locations/1023,/locations/1023
/locations/1024,/locations/1024
/locations/1025,/locations/1025
/locations/1026,/locations/1026
/locations/1027,/locations/1027
/locations/1028,/locations/1028
/locations/1029,/locations/1029
/locations/1030,/locations/1030
/locations/1031,/locations/1031
/locations/1032,/locations/1032
/locations/1033,/locations/1033
/locations/1034,/locations/1034
/locations/1035,/locations/1035
/locations/1036,/locations/1036
/locations/1037,/locations/1037
/locations/1038,/locations/1038
/locations/1039,/locations/1039
/locations/1040,/locations/1040
/locations/1041,/locations/1041
/locations/1042,/locations/1042
/locations/1043,/locations/1043
/locations/1044,/locations/1044
/locations/1045,/locations/1045
/locations/1046,/locations/1046
/locations/1047,/locations/1047
/locations/1048,/locations/1048
/locations/1049,/locations/1049
/locations/1050,/locations/1050
/locations/1051,/locations/1051
/locations/1052,/locations/1052
/locations/1053,/locations/1053
/locations/1054,/locations/1054
/locations/1055,/locations/1055
/locations/1056,/locations/1056
/locations/1057,/locations/1057
/locations/1058,/locations/1058
/locations/1059,/locations/1059
/locations/1060,/locations/1060
/locations/1061,/locations/1061
/locations/1062,/locations/1062
/locations/1063,/locations/1063
/locations/1064,/locations/1064
/locations/1065,/locations/1065
/locations/1066,/locations/1066
/locations/1067,/locations/1067
/locations/1068,/locations/1068
/locations/1069,/locations/1069
/locations/1070,/locations/1070
/locations/1071,/locations/1071
/locations/1072,/locations/1072
/locations/1073,/locations/1073
/locations/1074,/locations/1074
/locations/1075,/locations/1075
/locations/1076,/locations/1076
/locations/1077,/locations/1077
/locations/1078,/locations/1078
/locations/1079,/locations/1079
/locations/1080,/locations/1080
/locations/1081,/locations/1081
/locations/1082,/locations/1082
/locations/1083,/locations/1083
/locations/1084,/locations/1084
/locations/1085,/locations/1085
/locations/1086,/locations/1086
/locations/1087,/locations/1087
/locations/1088,/locations/1088
/locations/1089,/locations/1089
/locations/1090,/locations/1090
/locations/1091,/locations/1091
/locations/1092,/locations/1092
/locations/1093,/locations/1093
/locations/1094,/locations/1094
/locations/1095,/locations/1095
/locations/1096,/locations/1096
/locations/1097,/locations/1097
/locations/1098,/locations/1098
/locations/1099,/locations/1099
/locations/1100,/locations/1100
/locations/1101,/locations/1101
/locations/1102,/locations/1102
/locations/1103,/locations/1103
/locations/1104,/locations/1104
/locations/1105,/locations/1105
/locations/1106,/locations/1106
/locations/1107,/locations/1107
/locations/1108,/locations/1108
/locations/1109,/locations/1109
/locations/1110,/locations/1110
/locations/1111,/locations/1111
/locations/1112,/locations/1112
/locations/1113,/locations/1113
/locations/1114,/locations/1114
/locations/1115,/locations/1115
/locations/1116,/locations/1116
/locations/1117,/locations/1117
/locations/1118,/locations/1118
/locations/1119,/locations/1119
/locations/1120,/locations/1120
/locations/1121,/locations/1121
/locations/1122,/locations/1122
/locations/1123,/locations/1123
/locations/1124,/locations/1124
/locations/1125,/locations/1125
/locations/1126,/locations/1126
/locations/1127,/locations/1127
/locations/1128,/locations/1128
/locations/1129,/locations/1129
/locations/1130,/locations/1130
/locations/1131,/locations/1131
/locations/1132,/locations/1132
/locations/1133,/locations/1133
/locations/1134,/locations/1134
/locations/1135,/locations/1135
/locations/1136,/locations/1136
/locations/1137,/locations/1137
/locations/1138,/locations/1138
/locations/1139,/locations/1139
/locations/1140,/locations/1140
/locations/1141,/locations/1141
/locations/1142,/locations/1142
/locations/1143,/locations/1143
/locations/1144,/locations/1144
/locations/1145,/locations/1145
/locations/1146,/locations/1146
/locations/1147,/locations/1147
/locations/1148,/locations/1148
/locations/1149,/locations/1149
/locations/1150,/locations/1150
/locations/1151,/locations/1151
/locations/1152,/locations/1152
/locations/1153,/locations/1153
/locations/1154,/locations/1154
/locations/1155,/locations/1155
/locations/1156,/locations/1156
/locations/1157,/locations/1157
/locations/1158,/locations/1158
/locations/1159,/locations/1159
/locations/1160,/locations/1160
/locations/1161,/locations/1161
/locations/1162,/locations/1162
/locations/1163,/locations/1163
/locations/1164,/locations/1164
/locations/1165,/locations/1165
/locations/1166,/locations/1166
/locations/1167,/locations/1167
/locations/1168,/locations/1168
/locations/1169,/locations/1169
/locations/1170,/locations/1170
/locations/1171,/locations/1171
/locations/1172,/locations/1172
/locations/1173,/locations/1173
/locations/1174,/locations/1174
/locations/1175,/locations/1175
/locations/1176,/locations/1176
/locations/1177,/locations/1177
/locations/1178,/locations/1178
/locations/1179,/locations/1179
/locations/1181,/locations/1181
/locations/1182,/locations/1182
/locations/1183,/locations/1183
/locations/1184,/locations/1184
/locations/1185,/locations/1185
/locations/1186,/locations/1186
/locations/1187,/locations/1187
/locations/1188,/locations/1188
/locations/1189,/locations/1189
/locations/1190,/locations/1190
/locations/1191,/locations/1191
/locations/1192,/locations/1192
/locations/1193,/locations/1193
/locations/1194,/locations/1194
/locations/1195,/locations/1195
/locations/1196,/locations/1196
/locations/1197,/locations/1197
/locations/1198,/locations/1198
/locations/1199,/locations/1199
/locations/1200,/locations/1200
/locations/1201,/locations/1201
/locations/1202,/locations/1202
/locations/1203,/locations/1203
/locations/1204,/locations/1204
/locations/1205,/locations/1205
/locations/1206,/locations/1206
/locations/1207,/locations/1207
/locations/1208,/locations/1208
/locations/1209,/locations/1209
/locations/1210,/locations/1210
/locations/1211,/locations/1211
/locations/1212,/locations/1212
/locations/1213,/locations/1213
/locations/1214,/locations/1214
/locations/1215,/locations/1215
/locations/1216,/locations/1216
/locations/1217,/locations/1217
/locations/1218,/locations/1218
/locations/1219,/locations/1219
/locations/1220,/locations/1220
/locations/1221,/locations/1221
/locations/1222,/locations/1222
/locations/1223,/locations/1223
/locations/1224,/locations/1224
/locations/1225,/locations/1225
/locations/1226,/locations/1226
/locations/1227,/locations/1227
/locations/1228,/locations/1228
/locations/1229,/locations/1229
/locations/1230,/locations/1230
/locations/1231,/locations/1231
/locations/1232,/locations/1232
/locations/1233,/locations/1233
/locations/1234,/locations/1234
/locations/1235,/locations/1235
/locations/1236,/locations/1236
/locations/1237,/locations/1237
/locations/1238,/locations/1238
/locations/1239,/locations/1239
/locations/1240,/locations/1240
/locations/1241,/locations/1241
/locations/1242,/locations/1242
/locations/1243,/locations/1243
/locations/1244,/locations/1244
/locations/1245,/locations/1245
/locations/1246,/locations/1246
/locations/1247,/locations/1247
/locations/1248,/locations/1248
/locations/1249,/locations/1249
/locations/1250,/locations/1250
/locations/1251,/locations/1251
/locations/1252,/locations/1252
/locations/1253,/locations/1253
/locations/1254,/locations/1254
/locations/1255,/locations/1255
/locations/1256,/locations/1256
/locations/1257,/locations/1257
/locations/1258,/locations/1258
/locations/1259,/locations/1259
/locations/1260,/locations/1260
/locations/1261,/locations/1261
/locations/1262,/locations/1262
/locations/1269,/locations/1269
/locations/1276,/locations/1276
/locations/1283,/locations/1283
/locations/1290,/locations/1290
/locations/1297,/locations/1297
/locations/1304,/locations/1304
/locations/1310,/locations/1310
/locations/1317,/locations/1317
/locations/1329,/locations/1329
/locations/1334,/locations/1334
/locations/1377,/locations/1377
/locations/1384,/locations/1384
/locations/1391,/locations/1391
/locations/1398,/locations/1398
/locations/1419,/locations/1419
/locations/1682,/locations/1682
/locations/1689,/locations/1689
/locations/1696,/locations/1696
/locations/1703,/locations/1703
/locations/1710,/locations/1710
/locations/1717,/locations/1717
/locations/1724,/locations/1724
/locations/1731,/locations/1731
/locations/1738,/locations/1738
/locations/1745,/locations/1745
/locations/1787,/locations/1787
/locations/1788,/locations/1788
/locations/1823,/locations/1823
/locations/1838,/locations/1838
/locations/1839,/locations/1839
/locations/1840,/locations/1840
/locations/1841,/locations/1841
/locations/1842,/locations/1842
/locations/1843,/locations/1843
/locations/1958,/locations/1958
/locations/1959,/locations/1959
/locations/1960,/locations/1960
/locations/1961,/locations/1961
/locations/1962,/locations/1962
/locations/1963,/locations/1963
/locations/1964,/locations/1964
/locations/1965,/locations/1965
/locations/1966,/locations/1966
/locations/1967,/locations/1967
/locations/1968,/locations/1968
/locations/1969,/locations/1969
/locations/1970,/locations/1970
/locations/1971,/locations/1971
/locations/1972,/locations/1972
/locations/1973,/locations/1973
/locations/1974,/locations/1974
/locations/1975,/locations/1975
/locations/1976,/locations/1976
/locations/1977,/locations/1977
/locations/1978,/locations/1978
/locations/1979,/locations/1979
/locations/1980,/locations/1980
/locations/1981,/locations/1981
/locations/1982,/locations/1982
/locations/1983,/locations/1983
/locations/1984,/locations/1984
/locations/1985,/locations/1985
/locations/1986,/locations/1986
/locations/1987,/locations/1987
/locations/1988,/locations/1988
/locations/1989,/locations/1989
/locations/1990,/locations/1990
/locations/1991,/locations/1991
/locations/1992,/locations/1992
/locations/1993,/locations/1993
/locations/1994,/locations/1994
/locations/1995,/locations/1995
/locations/1996,/locations/1996
/locations/1997,/locations/1997
/locations/1998,/locations/1998
/locations/1999,/locations/1999
/locations/2000,/locations/2000
/locations/2001,/locations/2001
/locations/2002,/locations/2002
/locations/2003,/locations/2003
/locations/2004,/locations/2004
/locations/2005,/locations/2005
/locations/2006,/locations/2006
/locations/2007,/locations/2007
/locations/2008,/locations/2008
/locations/2009,/locations/2009
/locations/2010,/locations/2010
/locations/2011,/locations/2011
/locations/2012,/locations/2012
/locations/2013,/locations/2013
/locations/2014,/locations/2014
/locations/2015,/locations/2015
/locations/2016,/locations/2016
/locations/2017,/locations/2017
/locations/2018,/locations/2018
/locations/2019,/locations/2019
/locations/2020,/locations/2020
/locations/2021,/locations/2021
/locations/2022,/locations/2022
/locations/2023,/locations/2023
/locations/2024,/locations/2024
/locations/2025,/locations/2025
/locations/2026,/locations/2026
/locations/2027,/locations/2027
/locations/2028,/locations/2028
/locations/2029,/locations/2029
/locations/2030,/locations/2030
/locations/2036,/locations/2036
/locations/2042,/locations/2042
/locations/2048,/locations/2048
/locations/2077,/locations/2077
/locations/2078,/locations/2078
/locations/2079,/locations/2079
/locations/2080,/locations/2080
/locations/2081,/locations/2081
/locations/2082,/locations/2082
/locations/2083,/locations/2083
/locations/2084,/locations/2084
/locations/2085,/locations/2085
/locations/2086,/locations/2086
/locations/2087,/locations/2087
/locations/2088,/locations/2088
/locations/2089,/locations/2089
/locations/2090,/locations/2090
/locations/212,/locations/212
/locations/213,/locations/213
/locations/214,/locations/214
/locations/215,/locations/215
/locations/217,/locations/217
/locations/218,/locations/218
/locations/219,/locations/219
/locations/220,/locations/220
/locations/222,/locations/222
/locations/223,/locations/223
/locations/2231,/locations/2231
/locations/2237,/locations/2237
/locations/224,/locations/224
/locations/2243,/locations/2243
/locations/2249,/locations/2249
/locations/225,/locations/225
/locations/2255,/locations/2255
/locations/2261,/locations/2261
/locations/229,/locations/229
/locations/230,/locations/230
/locations/231,/locations/231
/locations/234,/locations/234
/locations/2373,/locations/2373
/locations/2374,/locations/2374
/locations/2375,/locations/2375
/locations/2376,/locations/2376
/locations/2377,/locations/2377
/locations/2378,/locations/2378
/locations/2379,/locations/2379
/locations/238,/locations/238
/locations/2380,/locations/2380
/locations/2381,/locations/2381
/locations/2382,/locations/2382
/locations/2383,/locations/2383
/locations/2384,/locations/2384
/locations/2385,/locations/2385
/locations/2386,/locations/2386
/locations/2387,/locations/2387
/locations/2388,/locations/2388
/locations/2389,/locations/2389
/locations/239,/locations/239
/locations/2390,/locations/2390
/locations/2391,/locations/2391
/locations/2392,/locations/2392
/locations/2393,/locations/2393
/locations/2394,/locations/2394
/locations/2395,/locations/2395
/locations/240,/locations/240
/locations/241,/locations/241
/locations/2434,/locations/2434
/locations/2435,/locations/2435
/locations/2436,/locations/2436
/locations/2437,/locations/2437
/locations/2439,/locations/2439
/locations/2440,/locations/2440
/locations/2441,/locations/2441
/locations/2442,/locations/2442
/locations/2443,/locations/2443
/locations/2444,/locations/2444
/locations/2445,/locations/2445
/locations/2446,/locations/2446
/locations/2447,/locations/2447
/locations/2448,/locations/2448
/locations/2449,/locations/2449
/locations/245,/locations/245
/locations/2450,/locations/2450
/locations/2451,/locations/2451
/locations/2452,/locations/2452
/locations/2453,/locations/2453
/locations/2454,/locations/2454
/locations/2455,/locations/2455
/locations/2456,/locations/2456
/locations/2457,/locations/2457
/locations/2458,/locations/2458
/locations/2459,/locations/2459
/locations/2460,/locations/2460
/locations/2461,/locations/2461
/locations/2462,/locations/2462
/locations/2463,/locations/2463
/locations/2464,/locations/2464
/locations/2465,/locations/2465
/locations/2466,/locations/2466
/locations/2467,/locations/2467
/locations/2468,/locations/2468
/locations/2469,/locations/2469
/locations/2470,/locations/2470
/locations/2471,/locations/2471
/locations/2472,/locations/2472
/locations/2473,/locations/2473
/locations/2474,/locations/2474
/locations/2475,/locations/2475
/locations/2476,/locations/2476
/locations/2477,/locations/2477
/locations/2478,/locations/2478
/locations/2479,/locations/2479
/locations/2480,/locations/2480
/locations/2481,/locations/2481
/locations/2482,/locations/2482
/locations/2483,/locations/2483
/locations/2484,/locations/2484
/locations/2485,/locations/2485
/locations/2486,/locations/2486
/locations/2487,/locations/2487
/locations/2488,/locations/2488
/locations/2489,/locations/2489
/locations/2490,/locations/2490
/locations/2491,/locations/2491
/locations/2492,/locations/2492
/locations/2493,/locations/2493
/locations/2494,/locations/2494
/locations/2495,/locations/2495
/locations/2496,/locations/2496
/locations/2497,/locations/2497
/locations/2498,/locations/2498
/locations/2499,/locations/2499
/locations/250,/locations/250
/locations/2500,/locations/2500
/locations/2501,/locations/2501
/locations/2502,/locations/2502
/locations/2503,/locations/2503
/locations/2504,/locations/2504
/locations/2505,/locations/2505
/locations/2506,/locations/2506
/locations/2507,/locations/2507
/locations/2508,/locations/2508
/locations/2509,/locations/2509
/locations/251,/locations/251
/locations/2510,/locations/2510
/locations/2511,/locations/2511
/locations/2512,/locations/2512
/locations/2513,/locations/2513
/locations/2514,/locations/2514
/locations/2515,/locations/2515
/locations/2516,/locations/2516
/locations/2517,/locations/2517
/locations/2518,/locations/2518
/locations/2519,/locations/2519
/locations/2520,/locations/2520
/locations/2521,/locations/2521
/locations/2522,/locations/2522
/locations/2523,/locations/2523
/locations/2524,/locations/2524
/locations/2525,/locations/2525
/locations/2526,/locations/2526
/locations/2527,/locations/2527
/locations/2528,/locations/2528
/locations/2529,/locations/2529
/locations/2530,/locations/2530
/locations/2531,/locations/2531
/locations/2532,/locations/2532
/locations/2533,/locations/2533
/locations/2534,/locations/2534
/locations/256,/locations/256
/locations/261,/locations/261
/locations/262,/locations/262
/locations/263,/locations/263
/locations/2829,/locations/2829
/locations/2830,/locations/2830
/locations/2848,/locations/2848
/locations/2849,/locations/2849
/locations/2865,/locations/2865
/locations/2866,/locations/2866
/locations/2867,/locations/2867
/locations/2868,/locations/2868
/locations/2869,/locations/2869
/locations/2870,/locations/2870
/locations/2871,/locations/2871
/locations/2872,/locations/2872
/locations/2873,/locations/2873
/locations/2874,/locations/2874
/locations/2875,/locations/2875
/locations/2876,/locations/2876
/locations/2877,/locations/2877
/locations/2880,/locations/2880
/locations/2881,/locations/2881
/locations/2882,/locations/2882
/locations/2884,/locations/2884
/locations/2885,/locations/2885
/locations/2886,/locations/2886
/locations/2887,/locations/2887
/locations/2888,/locations/2888
/locations/2889,/locations/2889
/locations/2890,/locations/2890
/locations/2891,/locations/2891
/locations/2892,/locations/2892
/locations/2893,/locations/2893
/locations/2894,/locations/2894
/locations/2895,/locations/2895
/locations/2896,/locations/2896
/locations/2897,/locations/2897
/locations/2898,/locations/2898
/locations/2899,/locations/2899
/locations/2900,/locations/2900
/locations/2901,/locations/2901
/locations/2902,/locations/2902
/locations/2903,/locations/2903
/locations/2904,/locations/2904
/locations/2905,/locations/2905
/locations/2906,/locations/2906
/locations/2907,/locations/2907
/locations/2908,/locations/2908
/locations/2909,/locations/2909
/locations/2910,/locations/2910
/locations/2911,/locations/2911
/locations/2912,/locations/2912
/locations/2913,/locations/2913
/locations/2914,/locations/2914
/locations/2915,/locations/2915
/locations/2916,/locations/2916
/locations/2917,/locations/2917
/locations/2918,/locations/2918
/locations/2919,/locations/2919
/locations/2920,/locations/2920
/locations/2921,/locations/2921
/locations/2922,/locations/2922
/locations/2923,/locations/2923
/locations/2924,/locations/2924
/locations/2925,/locations/2925
/locations/2926,/locations/2926
/locations/2927,/locations/2927
/locations/2928,/locations/2928
/locations/2929,/locations/2929
/locations/293,/locations/293
/locations/2930,/locations/2930
/locations/2931,/locations/2931
/locations/2932,/locations/2932
/locations/2933,/locations/2933
/locations/2934,/locations/2934
/locations/2935,/locations/2935
/locations/2936,/locations/2936
/locations/2937,/locations/2937
/locations/2938,/locations/2938
/locations/2939,/locations/2939
/locations/294,/locations/294
/locations/2940,/locations/2940
/locations/2941,/locations/2941
/locations/2942,/locations/2942
/locations/2943,/locations/2943
/locations/2944,/locations/2944
/locations/2945,/locations/2945
/locations/2946,/locations/2946
/locations/2947,/locations/2947
/locations/2948,/locations/2948
/locations/2949,/locations/2949
/locations/295,/locations/295
/locations/2950,/locations/2950
/locations/2951,/locations/2951
/locations/2952,/locations/2952
/locations/2953,/locations/2953
/locations/2954,/locations/2954
/locations/2955,/locations/2955
/locations/2956,/locations/2956
/locations/2957,/locations/2957
/locations/2958,/locations/2958
/locations/2959,/locations/2959
/locations/2960,/locations/2960
/locations/2961,/locations/2961
/locations/2962,/locations/2962
/locations/2963,/locations/2963
/locations/2964,/locations/2964
/locations/2965,/locations/2965
/locations/2966,/locations/2966
/locations/2967,/locations/2967
/locations/3000,/locations/3000
/locations/3002,/locations/3002
/locations/3003,/locations/3003
/locations/3004,/locations/3004
/locations/3023,/locations/3023
/locations/3024,/locations/3024
/locations/3026,/locations/3026
/locations/3027,/locations/3027
/locations/3028,/locations/3028
/locations/3029,/locations/3029
/locations/3030,/locations/3030
/locations/3031,/locations/3031
/locations/3032,/locations/3032
/locations/3033,/locations/3033
/locations/3034,/locations/3034
/locations/3041,/locations/3041
/locations/3042,/locations/3042
/locations/3043,/locations/3043
/locations/3044,/locations/3044
/locations/3045,/locations/3045
/locations/3046,/locations/3046
/locations/3047,/locations/3047
/locations/3048,/locations/3048
/locations/3049,/locations/3049
/locations/3050,/locations/3050
/locations/3051,/locations/3051
/locations/3052,/locations/3052
/locations/3053,/locations/3053
/locations/3054,/locations/3054
/locations/3055,/locations/3055
/locations/3076,/locations/3076
/locations/3077,/locations/3077
/locations/3078,/locations/3078
/locations/3079,/locations/3079
/locations/3080,/locations/3080
/locations/3081,/locations/3081
/locations/3082,/locations/3082
/locations/3083,/locations/3083
/locations/3084,/locations/3084
/locations/3085,/locations/3085
/locations/3086,/locations/3086
/locations/3087,/locations/3087
/locations/3141,/locations/3141
/locations/3143,/locations/3143
/locations/3144,/locations/3144
/locations/3145,/locations/3145
/locations/3146,/locations/3146
/locations/3147,/locations/3147
/locations/3148,/locations/3148
/locations/315,/locations/315
/locations/3155,/locations/3155
/locations/3156,/locations/3156
/locations/3157,/locations/3157
/locations/3158,/locations/3158
/locations/3159,/locations/3159
/locations/316,/locations/316
/locations/3160,/locations/3160
/locations/3161,/locations/3161
/locations/3162,/locations/3162
/locations/3167,/locations/3167
/locations/3168,/locations/3168
/locations/317,/locations/317
/locations/3170,/locations/3170
/locations/3171,/locations/3171
/locations/3172,/locations/3172
/locations/3173,/locations/3173
/locations/318,/locations/318
/locations/3187,/locations/3187
/locations/3188,/locations/3188
/locations/3189,/locations/3189
/locations/319,/locations/319
/locations/3190,/locations/3190
/locations/3191,/locations/3191
/locations/3192,/locations/3192
/locations/320,/locations/320
/locations/3205,/locations/3205
/locations/3206,/locations/3206
/locations/3207,/locations/3207
/locations/3208,/locations/3208
/locations/3209,/locations/3209
/locations/3210,/locations/3210
/locations/322,/locations/322
/locations/3223,/locations/3223
/locations/3224,/locations/3224
/locations/3225,/locations/3225
/locations/3226,/locations/3226
/locations/3227,/locations/3227
/locations/3228,/locations/3228
/locations/323,/locations/323
/locations/3241,/locations/3241
/locations/3242,/locations/3242
/locations/3243,/locations/3243
/locations/3244,/locations/3244
/locations/3245,/locations/3245
/locations/3246,/locations/3246
/locations/3259,/locations/3259
/locations/3260,/locations/3260
/locations/3261,/locations/3261
/locations/3262,/locations/3262
/locations/3263,/locations/3263
/locations/3264,/locations/3264
/locations/3276,/locations/3276
/locations/328,/locations/328
/locations/330,/locations/330
/locations/332,/locations/332
/locations/336,/locations/336
/locations/337,/locations/337
/locations/340,/locations/340
/locations/341,/locations/341
/locations/344,/locations/344
/locations/345,/locations/345
/locations/3470,/locations/3470
/locations/3471,/locations/3471
/locations/3472,/locations/3472
/locations/351,/locations/351
/locations/352,/locations/352
/locations/354,/locations/354
/locations/355,/locations/355
/locations/359,/locations/359
/locations/360,/locations/360
/locations/361,/locations/361
/locations/362,/locations/362
/locations/363,/locations/363
/locations/364,/locations/364
/locations/365,/locations/365
/locations/366,/locations/366
/locations/367,/locations/367
/locations/368,/locations/368
/locations/369,/locations/369
/locations/371,/locations/371
/locations/372,/locations/372
/locations/373,/locations/373
/locations/374,/locations/374
/locations/375,/locations/375
/locations/376,/locations/376
/locations/377,/locations/377
/locations/378,/locations/378
/locations/379,/locations/379
/locations/380,/locations/380
/locations/381,/locations/381
/locations/382,/locations/382
/locations/383,/locations/383
/locations/385,/locations/385
/locations/386,/locations/386
/locations/387,/locations/387
/locations/3879,/locations/3879
/locations/3885,/locations/3885
/locations/389,/locations/389
/locations/390,/locations/390
/locations/391,/locations/391
/locations/392,/locations/392
/locations/393,/locations/393
/locations/394,/locations/394
/locations/395,/locations/395
/locations/3962,/locations/3962
/locations/3966,/locations/3966
/locations/397,/locations/397
/locations/3970,/locations/3970
/locations/3971,/locations/3971
/locations/3972,/locations/3972
/locations/3975,/locations/3975
/locations/3976,/locations/3976
/locations/3977,/locations/3977
/locations/3978,/locations/3978
/locations/3979,/locations/3979
/locations/398,/locations/398
/locations/3980,/locations/3980
/locations/3981,/locations/3981
/locations/3982,/locations/3982
/locations/3983,/locations/3983
/locations/3984,/locations/3984
/locations/399,/locations/399
/locations/400,/locations/400
/locations/401,/locations/401
/locations/402,/locations/402
/locations/404,/locations/404
/locations/405,/locations/405
/locations/406,/locations/406
/locations/408,/locations/408
/locations/409,/locations/409
/locations/410,/locations/410
/locations/411,/locations/411
/locations/412,/locations/412
/locations/413,/locations/413
/locations/417,/locations/417
/locations/419,/locations/419
/locations/420,/locations/420
/locations/423,/locations/423
/locations/424,/locations/424
/locations/428,/locations/428
/locations/430,/locations/430
/locations/431,/locations/431
/locations/432,/locations/432
/locations/435,/locations/435
/locations/436,/locations/436
/locations/437,/locations/437
/locations/444,/locations/444
/locations/483,/locations/483
/locations/488,/locations/488
/locations/491,/locations/491
/locations/492,/locations/492
/locations/493,/locations/493
/locations/495,/locations/495
/locations/496,/locations/496
/locations/497,/locations/497
/locations/498,/locations/498
/locations/500,/locations/500
/locations/504,/locations/504
/locations/505,/locations/505
/locations/506,/locations/506
/locations/507,/locations/507
/locations/508,/locations/508
/locations/510,/locations/510
/locations/511,/locations/511
/locations/512,/locations/512
/locations/514,/locations/514
/locations/516,/locations/516
/locations/518,/locations/518
/locations/519,/locations/519
/locations/536,/locations/536
/locations/537,/locations/537
/locations/538,/locations/538
/locations/539,/locations/539
/locations/540,/locations/540
/locations/541,/locations/541
/locations/542,/locations/542
/locations/543,/locations/543
/locations/550,/locations/550
/locations/557,/locations/557
/locations/558,/locations/558
/locations/559,/locations/559
/locations/560,/locations/560
/locations/561,/locations/561
/locations/562,/locations/562
/locations/563,/locations/563
/locations/564,/locations/564
/locations/571,/locations/571
/locations/578,/locations/578
/locations/579,/locations/579
/locations/580,/locations/580
/locations/581,/locations/581
/locations/583,/locations/583
/locations/584,/locations/584
/locations/585,/locations/585
/locations/592,/locations/592
/locations/599,/locations/599
/locations/600,/locations/600
/locations/601,/locations/601
/locations/602,/locations/602
/locations/603,/locations/603
/locations/604,/locations/604
/locations/605,/locations/605
/locations/606,/locations/606
/locations/607,/locations/607
/locations/608,/locations/608
/locations/609,/locations/609
/locations/610,/locations/610
/locations/611,/locations/611
/locations/612,/locations/612
/locations/613,/locations/613
/locations/614,/locations/614
/locations/615,/locations/615
/locations/616,/locations/616
/locations/617,/locations/617
/locations/618,/locations/618
/locations/619,/locations/619
/locations/620,/locations/620
/locations/621,/locations/621
/locations/622,/locations/622
/locations/623,/locations/623
/locations/624,/locations/624
/locations/625,/locations/625
/locations/626,/locations/626
/locations/627,/locations/627
/locations/628,/locations/628
/locations/629,/locations/629
/locations/630,/locations/630
/locations/631,/locations/631
/locations/632,/locations/632
/locations/633,/locations/633
/locations/634,/locations/634
/locations/635,/locations/635
/locations/636,/locations/636
/locations/637,/locations/637
/locations/638,/locations/638
/locations/639,/locations/639
/locations/640,/locations/640
/locations/641,/locations/641
/locations/642,/locations/642
/locations/643,/locations/643
/locations/644,/locations/644
/locations/645,/locations/645
/locations/646,/locations/646
/locations/647,/locations/647
/locations/648,/locations/648
/locations/649,/locations/649
/locations/650,/locations/650
/locations/651,/locations/651
/locations/652,/locations/652
/locations/653,/locations/653
/locations/654,/locations/654
/locations/655,/locations/655
/locations/656,/locations/656
/locations/657,/locations/657
/locations/658,/locations/658
/locations/659,/locations/659
/locations/660,/locations/660
/locations/661,/locations/661
/locations/662,/locations/662
/locations/663,/locations/663
/locations/664,/locations/664
/locations/665,/locations/665
/locations/666,/locations/666
/locations/667,/locations/667
/locations/668,/locations/668
/locations/669,/locations/669
/locations/670,/locations/670
/locations/671,/locations/671
/locations/672,/locations/672
/locations/673,/locations/673
/locations/674,/locations/674
/locations/675,/locations/675
/locations/676,/locations/676
/locations/677,/locations/677
/locations/678,/locations/678
/locations/679,/locations/679
/locations/680,/locations/680
/locations/681,/locations/681
/locations/682,/locations/682
/locations/683,/locations/683
/locations/684,/locations/684
/locations/685,/locations/685
/locations/686,/locations/686
/locations/687,/locations/687
/locations/688,/locations/688
/locations/689,/locations/689
/locations/690,/locations/690
/locations/691,/locations/691
/locations/692,/locations/692
/locations/693,/locations/693
/locations/694,/locations/694
/locations/695,/locations/695
/locations/696,/locations/696
/locations/697,/locations/697
/locations/698,/locations/698
/locations/699,/locations/699
/locations/700,/locations/700
/locations/701,/locations/701
/locations/702,/locations/702
/locations/703,/locations/703
/locations/704,/locations/704
/locations/705,/locations/705
/locations/706,/locations/706
/locations/707,/locations/707
/locations/708,/locations/708
/locations/709,/locations/709
/locations/710,/locations/710
/locations/711,/locations/711
/locations/712,/locations/712
/locations/713,/locations/713
/locations/714,/locations/714
/locations/715,/locations/715
/locations/716,/locations/716
/locations/717,/locations/717
/locations/718,/locations/718
/locations/719,/locations/719
/locations/720,/locations/720
/locations/721,/locations/721
/locations/722,/locations/722
/locations/723,/locations/723
/locations/724,/locations/724
/locations/725,/locations/725
/locations/726,/locations/726
/locations/727,/locations/727
/locations/728,/locations/728
/locations/729,/locations/729
/locations/730,/locations/730
/locations/731,/locations/731
/locations/732,/locations/732
/locations/733,/locations/733
/locations/734,/locations/734
/locations/735,/locations/735
/locations/736,/locations/736
/locations/737,/locations/737
/locations/738,/locations/738
/locations/739,/locations/739
/locations/740,/locations/740
/locations/741,/locations/741
/locations/742,/locations/742
/locations/743,/locations/743
/locations/744,/locations/744
/locations/745,/locations/745
/locations/746,/locations/746
/locations/747,/locations/747
/locations/748,/locations/748
/locations/749,/locations/749
/locations/750,/locations/750
/locations/751,/locations/751
/locations/752,/locations/752
/locations/753,/locations/753
/locations/754,/locations/754
/locations/755,/locations/755
/locations/756,/locations/756
/locations/757,/locations/757
/locations/758,/locations/758
/locations/759,/locations/759
/locations/760,/locations/760
/locations/761,/locations/761
/locations/762,/locations/762
/locations/763,/locations/763
/locations/764,/locations/764
/locations/765,/locations/765
/locations/766,/locations/766
/locations/767,/locations/767
/locations/768,/locations/768
/locations/770,/locations/770
/locations/771,/locations/771
/locations/772,/locations/772
/locations/773,/locations/773
/locations/774,/locations/774
/locations/775,/locations/775
/locations/776,/locations/776
/locations/777,/locations/777
/locations/778,/locations/778
/locations/779,/locations/779
/locations/780,/locations/780
/locations/781,/locations/781
/locations/782,/locations/782
/locations/783,/locations/783
/locations/784,/locations/784
/locations/785,/locations/785
/locations/786,/locations/786
/locations/787,/locations/787
/locations/788,/locations/788
/locations/789,/locations/789
/locations/790,/locations/790
/locations/791,/locations/791
/locations/792,/locations/792
/locations/793,/locations/793
/locations/794,/locations/794
/locations/795,/locations/795
/locations/796,/locations/796
/locations/797,/locations/797
/locations/798,/locations/798
/locations/799,/locations/799
/locations/800,/locations/800
/locations/801,/locations/801
/locations/802,/locations/802
/locations/803,/locations/803
/locations/804,/locations/804
/locations/805,/locations/805
/locations/806,/locations/806
/locations/807,/locations/807
/locations/808,/locations/808
/locations/809,/locations/809
/locations/810,/locations/810
/locations/811,/locations/811
/locations/812,/locations/812
/locations/814,/locations/814
/locations/815,/locations/815
/locations/816,/locations/816
/locations/817,/locations/817
/locations/818,/locations/818
/locations/819,/locations/819
/locations/820,/locations/820
/locations/821,/locations/821
/locations/822,/locations/822
/locations/823,/locations/823
/locations/824,/locations/824
/locations/825,/locations/825
/locations/826,/locations/826
/locations/827,/locations/827
/locations/828,/locations/828
/locations/829,/locations/829
/locations/830,/locations/830
/locations/831,/locations/831
/locations/832,/locations/832
/locations/833,/locations/833
/locations/834,/locations/834
/locations/835,/locations/835
/locations/836,/locations/836
/locations/837,/locations/837
/locations/838,/locations/838
/locations/839,/locations/839
/locations/840,/locations/840
/locations/842,/locations/842
/locations/843,/locations/843
/locations/844,/locations/844
/locations/845,/locations/845
/locations/846,/locations/846
/locations/847,/locations/847
/locations/848,/locations/848
/locations/849,/locations/849
/locations/850,/locations/850
/locations/851,/locations/851
/locations/852,/locations/852
/locations/853,/locations/853
/locations/854,/locations/854
/locations/855,/locations/855
/locations/856,/locations/856
/locations/857,/locations/857
/locations/858,/locations/858
/locations/859,/locations/859
/locations/860,/locations/860
/locations/861,/locations/861
/locations/862,/locations/862
/locations/863,/locations/863
/locations/864,/locations/864
/locations/865,/locations/865
/locations/866,/locations/866
/locations/867,/locations/867
/locations/868,/locations/868
/locations/869,/locations/869
/locations/870,/locations/870
/locations/871,/locations/871
/locations/872,/locations/872
/locations/873,/locations/873
/locations/874,/locations/874
/locations/875,/locations/875
/locations/876,/locations/876
/locations/877,/locations/877
/locations/878,/locations/878
/locations/879,/locations/879
/locations/880,/locations/880
/locations/881,/locations/881
/locations/882,/locations/882
/locations/883,/locations/883
/locations/884,/locations/884
/locations/885,/locations/885
/locations/886,/locations/886
/locations/887,/locations/887
/locations/889,/locations/889
/locations/890,/locations/890
/locations/891,/locations/891
/locations/892,/locations/892
/locations/893,/locations/893
/locations/894,/locations/894
/locations/895,/locations/895
/locations/896,/locations/896
/locations/897,/locations/897
/locations/898,/locations/898
/locations/899,/locations/899
/locations/900,/locations/900
/locations/901,/locations/901
/locations/902,/locations/902
/locations/903,/locations/903
/locations/904,/locations/904
/locations/905,/locations/905
/locations/906,/locations/906
/locations/907,/locations/907
/locations/908,/locations/908
/locations/909,/locations/909
/locations/910,/locations/910
/locations/911,/locations/911
/locations/913,/locations/913
/locations/914,/locations/914
/locations/915,/locations/915
/locations/916,/locations/916
/locations/917,/locations/917
/locations/918,/locations/918
/locations/919,/locations/919
/locations/920,/locations/920
/locations/921,/locations/921
/locations/922,/locations/922
/locations/923,/locations/923
/locations/926,/locations/926
/locations/927,/locations/927
/locations/928,/locations/928
/locations/929,/locations/929
/locations/930,/locations/930
/locations/931,/locations/931
/locations/932,/locations/932
/locations/933,/locations/933
/locations/934,/locations/934
/locations/935,/locations/935
/locations/936,/locations/936
/locations/937,/locations/937
/locations/938,/locations/938
/locations/939,/locations/939
/locations/940,/locations/940
/locations/941,/locations/941
/locations/942,/locations/942
/locations/943,/locations/943
/locations/944,/locations/944
/locations/945,/locations/945
/locations/946,/locations/946
/locations/947,/locations/947
/locations/948,/locations/948
/locations/949,/locations/949
/locations/950,/locations/950
/locations/951,/locations/951
/locations/952,/locations/952
/locations/953,/locations/953
/locations/954,/locations/954
/locations/955,/locations/955
/locations/956,/locations/956
/locations/957,/locations/957
/locations/958,/locations/958
/locations/959,/locations/959
/locations/960,/locations/960
/locations/961,/locations/961
/locations/962,/locations/962
/locations/963,/locations/963
/locations/964,/locations/964
/locations/965,/locations/965
/locations/966,/locations/966
/locations/967,/locations/967
/locations/968,/locations/968
/locations/969,/locations/969
/locations/970,/locations/970
/locations/971,/locations/971
/locations/972,/locations/972
/locations/973,/locations/973
/locations/974,/locations/974
/locations/975,/locations/975
/locations/976,/locations/976
/locations/977,/locations/977
/locations/978,/locations/978
/locations/979,/locations/979
/locations/980,/locations/980
/locations/981,/locations/981
/locations/982,/locations/982
/locations/983,/locations/983
/locations/984,/locations/984
/locations/985,/locations/985
/locations/986,/locations/986
/locations/987,/locations/987
/locations/988,/locations/988
/locations/989,/locations/989
/locations/990,/locations/990
/locations/991,/locations/991
/locations/992,/locations/992
/locations/993,/locations/993
/locations/994,/locations/994
/locations/995,/locations/995
/locations/996,/locations/996
/locations/997,/locations/997
/locations/998,/locations/998
/locations/999,/locations/999
