,,
/locations/1377,"SML, B70 [Range: 10, Section: h, Shelf: 1]",SML
/locations/1384,"SML, B70 [Range: 10, Section: i, Shelf: 1]",SML
/locations/1391,"SML, B70 [Range: 10, Section: j, Shelf: 1]",SML
/locations/1398,"SML, B70 [Range: 10, Section: k, Shelf: 1]",SML
/locations/1419,"SML, B70 [Range: 11, Section: c, Shelf: 1]",SML
/locations/1682,"SML, B70 [Range: 15, Section: a, Shelf: 7]",SML
/locations/1689,"SML, B70 [Range: 15, Section: b, Shelf: 7]",SML
/locations/1696,"SML, B70 [Range: 15, Section: c, Shelf: 7]",SML
/locations/1703,"SML, B70 [Range: 15, Section: d, Shelf: 7]",SML
/locations/1710,"SML, B70 [Range: 15, Section: f, Shelf: 7]",SML
/locations/1717,"SML, B70 [Range: 15, Section: g, Shelf: 7]",SML
/locations/1724,"SML, B70 [Range: 15, Section: h, Shelf: 7]",SML
/locations/1731,"SML, B70 [Range: 15, Section: i, Shelf: 7]",SML
/locations/1738,"SML, B70 [Range: 15, Section: j, Shelf: 7]",SML
/locations/1745,"SML, B70 [Range: 15, Section: k, Shelf: 7]",SML
/locations/511,"SML, B57-B [Range: 12, Section: b, Shelf: 2]",SML
/locations/336,"SML, B57-B [Shelf:  43]",SML
/locations/3472,"SML, B69 [Range: 12, Section: i, Shelf: 8]",SML
/locations/1838,"SML, B57 [Range: 1, Section: a, Shelf: 1]",SML
/locations/1839,"SML, B57 [Range: 1, Section: a, Shelf: 2]",SML
/locations/1840,"SML, B57 [Range: 1, Section: a, Shelf: 3]",SML
/locations/1841,"SML, B57 [Range: 1, Section: a, Shelf: 4]",SML
/locations/1842,"SML, B57 [Range: 1, Section: a, Shelf: 5]",SML
/locations/1843,"SML, B57 [Range: 1, Section: a, Shelf: 6]",SML
/locations/2077,"SML, B57 [Range: 2, Section: a, Shelf: 5]",SML
/locations/2078,"SML, B57 [Range: 2, Section: a, Shelf: 6]",SML
/locations/2079,"SML, B57 [Range: 2, Section: b, Shelf: 1]",SML
/locations/2080,"SML, B57 [Range: 2, Section: b, Shelf: 2]",SML
/locations/2081,"SML, B57 [Range: 2, Section: b, Shelf: 3]",SML
/locations/2082,"SML, B57 [Range: 2, Section: b, Shelf: 4]",SML
/locations/2083,"SML, B57 [Range: 2, Section: b, Shelf: 5]",SML
/locations/2084,"SML, B57 [Range: 2, Section: b, Shelf: 6]",SML
/locations/2085,"SML, B57 [Range: 2, Section: c, Shelf: 1]",SML
/locations/2086,"SML, B57 [Range: 2, Section: c, Shelf: 2]",SML
/locations/2087,"SML, B57 [Range: 2, Section: c, Shelf: 3]",SML
/locations/2088,"SML, B57 [Range: 2, Section: c, Shelf: 4]",SML
/locations/2089,"SML, B57 [Range: 2, Section: c, Shelf: 5]",SML
/locations/2090,"SML, B57 [Range: 2, Section: c, Shelf: 6]",SML
/locations/2036,"SML, B57 [Range: 4, Section: a, Shelf: 6]",SML
/locations/2042,"SML, B57 [Range: 4, Section: b, Shelf: 6]",SML
/locations/2048,"SML, B57 [Range: 4, Section: c, Shelf: 6]",SML
/locations/3076,"SML, B54 [Map Print Carton: 1]",SML
/locations/3085,"SML, B54 [Map Print Carton: 10]",SML
/locations/3086,"SML, B54 [Map Print Carton: 11]",SML
/locations/3077,"SML, B54 [Map Print Carton: 2]",SML
/locations/3078,"SML, B54 [Map Print Carton: 3]",SML
/locations/3079,"SML, B54 [Map Print Carton: 4]",SML
/locations/3080,"SML, B54 [Map Print Carton: 5]",SML
/locations/3081,"SML, B54 [Map Print Carton: 6]",SML
/locations/3082,"SML, B54 [Map Print Carton: 7]",SML
/locations/3083,"SML, B54 [Map Print Carton: 8]",SML
